order_id,loading_site,unloading_site,weight_kg,loading_window_early_h,loading_window_late_h,loading_duration_h,unloading_duration_h,priority
AUF1,"(49.7605, 8.3364)","(54.6547, 13.8749)",4500,12.11,14.06,1.34,1.28,1
AUF2,"(49.2237, 11.0085)","(51.8598, 14.0702)",5600,11.93,14.31,0.9,1.41,2
AUF3,"(48.1553, 11.6098)","(46.015, -3.9741)",5300,9.32,11.05,1.5,1.01,3
AUF4,"(52.9216, 12.1036)","(51.5471, 5.8357)",1900,13.98,17.57,1.03,1.47,2
AUF5,"(51.2046, 7.5257)","(51.241, 3.6639)",8600,10.61,14.24,0.95,1.45,3
AUF6,"(46.9671, -4.7926)","(47.4519, 14.3548)",11700,11.65,14.27,0.65,1.26,2
AUF7,"(49.481, 7.9138)","(51.1521, 5.9071)",7500,9.44,10.68,0.74,1.07,1
AUF8,"(52.8438, 4.1644)","(55.0622, 11.8139)",6100,9.59,11.52,1.37,0.92,3
AUF9,"(52.4476, 3.4273)","(42.8181, -3.9238)",900,10.71,11.77,0.75,0.56,2
AUF10,"(54.597, 11.0965)","(52.9969, 6.4685)",2900,8.43,10.07,0.74,1.17,1
AUF11,"(48.2256, 7.9941)","(50.4404, 8.9877)",11500,8.58,10.98,0.93,0.92,1
AUF12,"(49.2485, 14.3017)","(53.2118, 5.4912)",1100,9.49,11.76,0.69,0.95,3
AUF13,"(43.7635, 1.5133)","(50.4281, 6.4336)",5300,14.0,17.8,1.34,1.47,1
AUF14,"(53.4805, 7.1826)","(52.8115, 3.9882)",4200,13.91,16.28,0.77,1.28,1
AUF15,"(51.8566, 10.4759)","(49.8149, 6.247)",1500,13.81,17.07,1.08,1.04,1
